column,q1,q3,iqr,lower_bound,upper_bound,n_outliers,pct_outliers
valor,9319.9617875,10628.386467357075,1308.4246798570748,7357.324767714388,12591.023487142687,580,15.6
